Type,Binary Y,Count,Proportion
Nonprotect,0,8262,0.12518181818181817
Nonprotect,1,57738,0.8748181818181818
Protect,0,4,0.18181818181818182
Protect,1,18,0.8181818181818182
