protected Pr(Y=1)_mean,matched mean Pr(Y=1)_mean
0.843452667183016,0.8430363048659864
