Category,As Rejected
ED,0.5635179153094463
FT,0.18181818181818182
EP,0.07590759075907591
