Type,Binary Y,Count,Proportion
Nonprotect,0,50456,0.11138189845474614
Nonprotect,1,402544,0.8886181015452539
Protect,0,24,0.15894039735099338
Protect,1,127,0.8410596026490066
