protected Pr(Y=1)_mean,matched mean Pr(Y=1)_mean
0.8257525264957297,0.8625930709746767
