Type,Binary Y,Count,Proportion
Nonprotect,0,95064,0.1414642857142857
Nonprotect,1,576936,0.8585357142857143
Protect,0,29,0.12946428571428573
Protect,1,195,0.8705357142857143
