Type,Binary Y,Count,Proportion
Nonprotect,0,95645,0.10384907709011944
Nonprotect,1,825355,0.8961509229098805
Protect,0,173,0.5635179153094463
Protect,1,134,0.4364820846905538
