Type,Binary Y,Count,Proportion
Nonprotect,0,170257,0.1873014301430143
Nonprotect,1,738743,0.8126985698569857
Protect,0,23,0.07590759075907591
Protect,1,280,0.9240924092409241
