protected Pr(Y=1)_mean,matched mean Pr(Y=1)_mean
0.8771230745025392,0.8299152611081355
