protected Pr(Y=1)_mean,matched mean Pr(Y=1)_mean
0.9133506129099728,0.7659453700688995
