protected Pr(Y=1)_mean,matched mean Pr(Y=1)_mean
0.6144681044235463,0.8700090414618358
