protected Pr(Y=1)_mean,matched mean Pr(Y=1)_mean
0.8276945872289267,0.8268842120831752
