Type,Binary Y,Count,Proportion
Nonprotect,0,11323,0.13979012345679012
Nonprotect,1,69677,0.8602098765432099
Protect,0,10,0.37037037037037035
Protect,1,17,0.6296296296296297
