Category,As Rejected
ED,0.49836065573770494
FT,0.37037037037037035
EP,0.11746031746031746
