Type,Binary Y,Count,Proportion
Nonprotect,0,172324,0.18235343915343916
Nonprotect,1,772676,0.8176465608465608
Protect,0,37,0.11746031746031746
Protect,1,278,0.8825396825396825
