protected Pr(Y=1)_mean,matched mean Pr(Y=1)_mean
0.8861416272278712,0.8400405270736213
