Type,Binary Y,Count,Proportion
Nonprotect,0,101543,0.13221744791666667
Nonprotect,1,666457,0.8677825520833333
Protect,0,39,0.15234375
Protect,1,217,0.84765625
