Type,Binary Y,Count,Proportion
Nonprotect,0,52919,0.10626305220883533
Nonprotect,1,445081,0.8937369477911646
Protect,0,32,0.1927710843373494
Protect,1,134,0.8072289156626506
