protected Pr(Y=1)_mean,matched mean Pr(Y=1)_mean
0.9151251606484496,0.7655712583570955
