protected Pr(Y=1)_mean,matched mean Pr(Y=1)_mean
0.609392485839241,0.8781495427207089
