protected Pr(Y=1)_mean,matched mean Pr(Y=1)_mean
0.8337897632592255,0.869962420539135
