Type,Binary Y,Count,Proportion
Nonprotect,0,87676,0.09582076502732241
Nonprotect,1,827324,0.9041792349726776
Protect,0,152,0.49836065573770494
Protect,1,153,0.5016393442622951
