Type,Binary Y,Count,Proportion
Nonprotect,0,11235,0.14403846153846153
Nonprotect,1,66765,0.8559615384615384
Protect,0,6,0.23076923076923078
Protect,1,20,0.7692307692307693
