protected Pr(Y=1)_mean,matched mean Pr(Y=1)_mean
0.8226761008688738,0.82225128893418
