Category,As Rejected
ED,0.4985507246376812
FT,0.23076923076923078
EP,0.12251655629139073
