Type,Binary Y,Count,Proportion
Nonprotect,0,95036,0.09182222222222222
Nonprotect,1,939964,0.9081777777777778
Protect,0,172,0.4985507246376812
Protect,1,173,0.5014492753623189
