protected Pr(Y=1)_mean,matched mean Pr(Y=1)_mean
0.6092344090509872,0.8822189965282161
