Type,Binary Y,Count,Proportion
Nonprotect,0,106923,0.12774551971326165
Nonprotect,1,730077,0.8722544802867384
Protect,0,40,0.14336917562724014
Protect,1,239,0.8566308243727598
