Type,Binary Y,Count,Proportion
Nonprotect,0,56142,0.10396666666666667
Nonprotect,1,483858,0.8960333333333333
Protect,0,36,0.2
Protect,1,144,0.8
