protected Pr(Y=1)_mean,matched mean Pr(Y=1)_mean
0.916603390858141,0.7677881466459812
