protected Pr(Y=1)_mean,matched mean Pr(Y=1)_mean
0.8358444941739355,0.8717792051484363
