protected Pr(Y=1)_mean,matched mean Pr(Y=1)_mean
0.8898182440661012,0.8441508818907222
