Type,Binary Y,Count,Proportion
Nonprotect,0,163324,0.1802693156732892
Nonprotect,1,742676,0.8197306843267108
Protect,0,37,0.12251655629139073
Protect,1,265,0.8774834437086093
