Type,Binary Y,Count,Proportion
Nonprotect,0,9955,0.15083333333333335
Nonprotect,1,56045,0.8491666666666666
Protect,0,6,0.2727272727272727
Protect,1,16,0.7272727272727273
