protected Pr(Y=1)_mean,matched mean Pr(Y=1)_mean
0.8216278343144768,0.8221566170341174
