Category,As Rejected
ED,0.5336134453781513
FT,0.2727272727272727
EP,0.10975609756097561
