Type,Binary Y,Count,Proportion
Nonprotect,0,47186,0.11826065162907268
Nonprotect,1,351814,0.8817393483709273
Protect,0,27,0.20300751879699247
Protect,1,106,0.7969924812030075
