Type,Binary Y,Count,Proportion
Nonprotect,0,75266,0.10541456582633053
Nonprotect,1,638734,0.8945854341736694
Protect,0,127,0.5336134453781513
Protect,1,111,0.46638655462184875
