protected Pr(Y=1)_mean,matched mean Pr(Y=1)_mean
0.915667549533116,0.7644403567440661
