protected Pr(Y=1)_mean,matched mean Pr(Y=1)_mean
0.8761776626347467,0.8306149053521864
