Type,Binary Y,Count,Proportion
Nonprotect,0,100067,0.14014985994397758
Nonprotect,1,613933,0.8598501400560224
Protect,0,42,0.17647058823529413
Protect,1,196,0.8235294117647058
