Type,Binary Y,Count,Proportion
Nonprotect,0,178949,0.18185873983739836
Nonprotect,1,805051,0.8181412601626016
Protect,0,36,0.10975609756097561
Protect,1,292,0.8902439024390244
