protected Pr(Y=1)_mean,matched mean Pr(Y=1)_mean
0.820075441383547,0.8576052320327564
