protected Pr(Y=1)_mean,matched mean Pr(Y=1)_mean
0.6016596600337499,0.8699472742640411
