Category,As Rejected
ED,0.5261194029850746
SD,0.18354430379746836
FT,0.16666666666666666
SP,0.17142857142857143
EP,0.11875
