Type,Binary Y,Count,Proportion
Nonprotect,0,8426,0.14043333333333333
Nonprotect,1,51574,0.8595666666666667
Protect,0,4,0.2
Protect,1,16,0.8
