protected Pr(Y=1)_mean,matched mean Pr(Y=1)_mean
0.8351914040080158,0.8356905554124469
