Category,As Rejected
ED,0.5241635687732342
FT,0.2
EP,0.1165644171779141
