Type,Binary Y,Count,Proportion
Nonprotect,0,50765,0.10917204301075269
Nonprotect,1,414235,0.8908279569892473
Protect,0,29,0.1870967741935484
Protect,1,126,0.8129032258064516
