protected Pr(Y=1)_mean,matched mean Pr(Y=1)_mean
0.8319284269394756,0.8673268115457526
