protected Pr(Y=1)_mean,matched mean Pr(Y=1)_mean
0.9147783354282732,0.7640917131171848
