protected Pr(Y=1)_mean,matched mean Pr(Y=1)_mean
0.8780865025216077,0.8326637877010729
