Type,Binary Y,Count,Proportion
Nonprotect,0,100175,0.13798209366391184
Nonprotect,1,625825,0.8620179063360881
Protect,0,42,0.17355371900826447
Protect,1,200,0.8264462809917356
