protected Pr(Y=1)_mean,matched mean Pr(Y=1)_mean
0.6025916198193579,0.8747210051843345
