Type,Binary Y,Count,Proportion
Nonprotect,0,80649,0.0999368029739777
Nonprotect,1,726351,0.9000631970260223
Protect,0,141,0.5241635687732342
Protect,1,128,0.4758364312267658
