Type,Binary Y,Count,Proportion
Nonprotect,0,180411,0.18446932515337422
Nonprotect,1,797589,0.8155306748466258
Protect,0,38,0.1165644171779141
Protect,1,288,0.8834355828220859
