protected Pr(Y=1)_mean,matched mean Pr(Y=1)_mean
0.8153152600753354,0.8159532727568246
