Type,Binary Y,Count,Proportion
Nonprotect,0,6445,0.15345238095238095
Nonprotect,1,35555,0.846547619047619
Protect,0,2,0.14285714285714285
Protect,1,12,0.8571428571428571
