Category,As Rejected
ED,0.4819672131147541
FT,0.14285714285714285
EP,0.12211221122112212
