protected Pr(Y=1)_mean,matched mean Pr(Y=1)_mean
0.9131483437539203,0.7744833648729639
