protected Pr(Y=1)_mean,matched mean Pr(Y=1)_mean
0.8666363725666574,0.8208692607606517
