Type,Binary Y,Count,Proportion
Nonprotect,0,85773,0.09374098360655737
Nonprotect,1,829227,0.9062590163934426
Protect,0,147,0.4819672131147541
Protect,1,158,0.5180327868852459
