Type,Binary Y,Count,Proportion
Nonprotect,0,92913,0.14748095238095238
Nonprotect,1,537087,0.8525190476190476
Protect,0,37,0.1761904761904762
Protect,1,173,0.8238095238095238
