protected Pr(Y=1)_mean,matched mean Pr(Y=1)_mean
0.8238577639498521,0.8645139642466543
