protected Pr(Y=1)_mean,matched mean Pr(Y=1)_mean
0.5939107549907404,0.8752189705180891
