Type,Binary Y,Count,Proportion
Nonprotect,0,165352,0.1819053905390539
Nonprotect,1,743648,0.8180946094609461
Protect,0,37,0.12211221122112212
Protect,1,266,0.8778877887788779
