Type,Binary Y,Count,Proportion
Nonprotect,0,48019,0.10530482456140351
Nonprotect,1,407981,0.8946951754385964
Protect,0,31,0.20394736842105263
Protect,1,121,0.7960526315789473
