Type,Binary Y,Count,Proportion
Nonprotect,0,6097,0.13548888888888888
Nonprotect,1,38903,0.8645111111111111
Protect,0,2,0.13333333333333333
Protect,1,13,0.8666666666666667
