Category,As Rejected
ED,0.5259515570934256
FT,0.13333333333333333
EP,0.12349397590361445
