Type,Binary Y,Count,Proportion
Nonprotect,0,93192,0.13332188841201717
Nonprotect,1,605808,0.8666781115879828
Protect,0,34,0.1459227467811159
Protect,1,199,0.8540772532188842
