Type,Binary Y,Count,Proportion
Nonprotect,0,44478,0.10666187050359713
Nonprotect,1,372522,0.8933381294964029
Protect,0,25,0.17985611510791366
Protect,1,114,0.8201438848920863
