Type,Binary Y,Count,Proportion
Nonprotect,0,185660,0.18640562248995984
Nonprotect,1,810340,0.8135943775100402
Protect,0,41,0.12349397590361445
Protect,1,291,0.8765060240963856
