Type,Binary Y,Count,Proportion
Nonprotect,0,89671,0.10342675893886967
Nonprotect,1,777329,0.8965732410611303
Protect,0,152,0.5259515570934256
Protect,1,137,0.4740484429065744
