protected Pr(Y=1)_mean,matched mean Pr(Y=1)_mean
0.8160392688526653,0.8160571077850152
