Category,As Rejected
ED,0.4612546125461255
FT,0.2
EP,0.12459016393442623
