protected Pr(Y=1)_mean,matched mean Pr(Y=1)_mean
0.9130744385284352,0.7624547783951101
