Type,Binary Y,Count,Proportion
Nonprotect,0,45555,0.10846428571428571
Nonprotect,1,374445,0.8915357142857143
Protect,0,26,0.18571428571428572
Protect,1,114,0.8142857142857143
