protected Pr(Y=1)_mean,matched mean Pr(Y=1)_mean
0.6108813021650539,0.8709013094259033
