Type,Binary Y,Count,Proportion
Nonprotect,0,81554,0.10031242312423125
Nonprotect,1,731446,0.8996875768757687
Protect,0,125,0.4612546125461255
Protect,1,146,0.5387453874538746
