protected Pr(Y=1)_mean,matched mean Pr(Y=1)_mean
0.8752329717512333,0.8300126378626602
