Type,Binary Y,Count,Proportion
Nonprotect,0,100921,0.14254378531073447
Nonprotect,1,607079,0.8574562146892656
Protect,0,39,0.1652542372881356
Protect,1,197,0.8347457627118644
