Type,Binary Y,Count,Proportion
Nonprotect,0,173752,0.18989289617486338
Nonprotect,1,741248,0.8101071038251366
Protect,0,38,0.12459016393442623
Protect,1,267,0.8754098360655738
