protected Pr(Y=1)_mean,matched mean Pr(Y=1)_mean
0.8276176289058532,0.8646812370713436
